{
    "accuracy": 0.16666666666666666,
    "f1_macro": 0.16666666666666666,
    "neu_score": 0.0,
    "inference_time_ms_per_sentence": 298.38911692301434,
    "total_parameters": 135000579,
    "classification_report": {
        "0": {
            "precision": 0.0,
            "recall": 0.0,
            "f1-score": 0.0,
            "support": 2.0
        },
        "1": {
            "precision": 0.0,
            "recall": 0.0,
            "f1-score": 0.0,
            "support": 2.0
        },
        "2": {
            "precision": 0.5,
            "recall": 0.5,
            "f1-score": 0.5,
            "support": 2.0
        },
        "accuracy": 0.16666666666666666,
        "macro avg": {
            "precision": 0.16666666666666666,
            "recall": 0.16666666666666666,
            "f1-score": 0.16666666666666666,
            "support": 6.0
        },
        "weighted avg": {
            "precision": 0.16666666666666666,
            "recall": 0.16666666666666666,
            "f1-score": 0.16666666666666666,
            "support": 6.0
        }
    }
}