,precision,recall,f1-score,support
Tiêu cực,0.8504823151125402,0.9429590017825312,0.8943364327979713,1122.0
Bình thường,1.0,0.08904109589041095,0.16352201257861634,146.0
Tích cực,0.8970358814352574,0.9047993705743509,0.9009009009009009,1271.0
accuracy,0.8747538400945254,0.8747538400945254,0.8747538400945254,0.8747538400945254
macro avg,0.9158393988492658,0.6455998227490977,0.6529197820924962,2539.0
weighted avg,0.882384309909603,0.8747538400945254,0.8555985571015544,2539.0
